date,fetched_at,source,rank,ticker,name,mentions,upvotes,rank_24h_ago,mentions_24h_ago
2026-09-05,2026-09-05T23:05:29Z,apewisdom:all-stocks,1,SPY,SPDR S&amp;P 500 ETF Trust,52,96,2,287
2026-09-05,2026-09-05T23:05:29Z,apewisdom:all-stocks,2,DTE,DTE Energy,42,126,8,70
2026-09-05,2026-09-05T23:05:29Z,apewisdom:all-stocks,3,BE,Bloom Energy,31,170,24,76
2026-09-05,2026-09-05T23:05:29Z,apewisdom:all-stocks,4,NVDA,NVIDIA,29,63,4,182
2026-09-05,2026-09-05T23:05:29Z,apewisdom:all-stocks,5,MU,Micron Technology,27,53,3,270
2026-09-05,2026-09-05T23:05:29Z,apewisdom:all-stocks,6,TSLA,Tesla,25,935,6,118
2026-09-05,2026-09-05T23:05:29Z,apewisdom:all-stocks,7,OPEN,Opendoor,20,60,188,3
2026-09-05,2026-09-05T23:05:29Z,apewisdom:all-stocks,8,QQQ,Invesco QQQ ETF,17,29,7,108
2026-09-05,2026-09-05T23:05:29Z,apewisdom:all-stocks,9,ES,Eversource Energy,17,30,71,12
2026-09-05,2026-09-05T23:05:29Z,apewisdom:all-stocks,10,SNDK,Sandisk,16,83,5,128
2026-09-05,2026-09-05T23:05:29Z,apewisdom:all-stocks,11,ASTS,AST SpaceMobile,14,22,34,21
2026-09-05,2026-09-05T23:05:29Z,apewisdom:all-stocks,12,NBIS,Nebius Group,13,51,21,45
2026-09-05,2026-09-05T23:05:29Z,apewisdom:all-stocks,13,SPCX,SpaceX,13,20,25,29
2026-09-05,2026-09-05T23:05:29Z,apewisdom:all-stocks,14,VOO,Vanguard S&amp;P 500 ETF,12,52,37,15
2026-09-05,2026-09-05T23:05:29Z,apewisdom:all-stocks,15,MSFT,Microsoft,12,7,22,25
2026-09-05,2026-09-05T23:05:29Z,apewisdom:all-stocks,16,META,Meta Platforms (Facebook),11,7,15,37
2026-09-05,2026-09-05T23:05:29Z,apewisdom:all-stocks,17,IT,Gartner,11,28,30,23
2026-09-05,2026-09-05T23:05:29Z,apewisdom:all-stocks,18,RDDT,Reddit,10,28,75,14
2026-09-05,2026-09-05T23:05:29Z,apewisdom:all-stocks,19,RKLB,Rocket Lab USA,10,16,80,15
2026-09-05,2026-09-05T23:05:29Z,apewisdom:all-stocks,20,FICO,FICO,10,44,32,33
2026-09-05,2026-09-05T23:05:29Z,apewisdom:all-stocks,21,CC,Chemours,10,30,45,12
2026-09-05,2026-09-05T23:05:29Z,apewisdom:all-stocks,22,INTC,Intel,10,22,81,8
2026-09-05,2026-09-05T23:05:29Z,apewisdom:all-stocks,23,LULU,lululemon athletica,9,78,1,189
2026-09-05,2026-09-05T23:05:29Z,apewisdom:all-stocks,24,AVGO,Broadcom,9,21,13,30
2026-09-05,2026-09-05T23:05:29Z,apewisdom:all-stocks,25,AGI,Alamos Gold,8,10,20,19
2026-09-05,2026-09-05T23:05:29Z,apewisdom:all-stocks,26,VST,Vistra,8,65,174,1
2026-09-05,2026-09-05T23:05:29Z,apewisdom:all-stocks,27,AMD,AMD,8,14,19,35
2026-09-05,2026-09-05T23:05:29Z,apewisdom:all-stocks,28,MSTR,MicroStrategy,7,18,26,21
2026-09-05,2026-09-05T23:05:29Z,apewisdom:all-stocks,29,VT,"Vanguard Group, Inc. - Vanguard Total World Stock ETF",7,13,570,1
2026-09-05,2026-09-05T23:05:29Z,apewisdom:all-stocks,30,UUUU,Energy Fuels,7,13,46,13
2026-09-05,2026-09-05T23:05:29Z,apewisdom:all-stocks,31,MRVL,Marvell Technology Group,7,21,72,10
2026-09-05,2026-09-05T23:05:29Z,apewisdom:all-stocks,32,MCD,McDonald,7,13,77,11
2026-09-05,2026-09-05T23:05:29Z,apewisdom:all-stocks,33,GOOG,Alphabet (Google),7,15,23,30
2026-09-05,2026-09-05T23:05:29Z,apewisdom:all-stocks,34,RR,Richtech Robotics,6,21,100,6
2026-09-05,2026-09-05T23:05:29Z,apewisdom:all-stocks,35,PLTR,Palantir,6,15,14,29
2026-09-05,2026-09-05T23:05:29Z,apewisdom:all-stocks,36,DELL,Dell,6,14,28,22
2026-09-05,2026-09-05T23:05:29Z,apewisdom:all-stocks,37,FIG,Figma,5,8,54,14
2026-09-05,2026-09-05T23:05:29Z,apewisdom:all-stocks,38,DJT,Trump Media &amp; Technology Group,5,440,76,9
2026-09-05,2026-09-05T23:05:29Z,apewisdom:all-stocks,39,GLD,SSgA SPDR Gold Shares,5,163,74,7
2026-09-05,2026-09-05T23:05:29Z,apewisdom:all-stocks,40,PDD,Pinduoduo,5,6,379,1
2026-09-05,2026-09-05T23:05:29Z,apewisdom:all-stocks,41,BMNR,Bitmine Immersion Technologies,4,5,202,4
2026-09-05,2026-09-05T23:05:29Z,apewisdom:all-stocks,42,HOOD,Robinhood,4,6,16,20
2026-09-05,2026-09-05T23:05:29Z,apewisdom:all-stocks,43,VTI,Vanguard Total Stock Market ETF,4,8,97,6
2026-09-05,2026-09-05T23:05:29Z,apewisdom:all-stocks,44,SOXL,Direxion Shares ETF Trust - Direxion Daily Semiconductor Bull 3X Share,4,6,57,10
2026-09-05,2026-09-05T23:05:29Z,apewisdom:all-stocks,45,AM,Antero Midstream,4,7,33,21
2026-09-05,2026-09-05T23:05:29Z,apewisdom:all-stocks,46,IQ,iQIYI,4,12,63,11
2026-09-05,2026-09-05T23:05:29Z,apewisdom:all-stocks,47,NKE,Nike,4,13,40,19
2026-09-05,2026-09-05T23:05:29Z,apewisdom:all-stocks,48,MSCI,MSCI,4,5,167,1
2026-09-05,2026-09-05T23:05:29Z,apewisdom:all-stocks,49,AMZN,Amazon,4,8,42,20
2026-09-05,2026-09-05T23:05:29Z,apewisdom:all-stocks,50,WAY,Waystar,3,67,158,3
2026-09-05,2026-09-05T23:05:30Z,apewisdom:wallstreetbets,1,SPY,SPDR S&amp;P 500 ETF Trust,33,53,2,266
2026-09-05,2026-09-05T23:05:30Z,apewisdom:wallstreetbets,2,MU,Micron Technology,22,46,3,260
2026-09-05,2026-09-05T23:05:30Z,apewisdom:wallstreetbets,3,DTE,DTE Energy,20,91,8,55
2026-09-05,2026-09-05T23:05:30Z,apewisdom:wallstreetbets,4,NVDA,NVIDIA,20,52,4,158
2026-09-05,2026-09-05T23:05:30Z,apewisdom:wallstreetbets,5,BE,Bloom Energy,18,101,36,68
2026-09-05,2026-09-05T23:05:30Z,apewisdom:wallstreetbets,6,OPEN,Opendoor,16,53,484,1
2026-09-05,2026-09-05T23:05:30Z,apewisdom:wallstreetbets,7,SNDK,Sandisk,14,80,5,126
2026-09-05,2026-09-05T23:05:30Z,apewisdom:wallstreetbets,8,ASTS,AST SpaceMobile,13,21,33,17
2026-09-05,2026-09-05T23:05:30Z,apewisdom:wallstreetbets,9,NBIS,Nebius Group,12,50,19,43
2026-09-05,2026-09-05T23:05:30Z,apewisdom:wallstreetbets,10,TSLA,Tesla,11,22,6,114
2026-09-05,2026-09-05T23:05:30Z,apewisdom:wallstreetbets,11,META,Meta Platforms (Facebook),10,13,17,29
2026-09-05,2026-09-05T23:05:30Z,apewisdom:wallstreetbets,12,QQQ,Invesco QQQ ETF,10,25,7,93
2026-09-05,2026-09-05T23:05:30Z,apewisdom:wallstreetbets,13,INTC,Intel,10,22,73,6
2026-09-05,2026-09-05T23:05:30Z,apewisdom:wallstreetbets,14,RKLB,Rocket Lab USA,9,15,82,12
2026-09-05,2026-09-05T23:05:30Z,apewisdom:wallstreetbets,15,SPCX,SpaceX,9,14,24,24
2026-09-05,2026-09-05T23:05:30Z,apewisdom:wallstreetbets,16,RDDT,Reddit,8,26,68,12
2026-09-05,2026-09-05T23:05:30Z,apewisdom:wallstreetbets,17,VST,Vistra,8,65,286,1
2026-09-05,2026-09-05T23:05:30Z,apewisdom:wallstreetbets,18,LULU,lululemon athletica,8,72,1,173
2026-09-05,2026-09-05T23:05:30Z,apewisdom:wallstreetbets,19,VOO,Vanguard S&amp;P 500 ETF,7,39,50,6
2026-09-05,2026-09-05T23:05:30Z,apewisdom:wallstreetbets,20,UUUU,Energy Fuels,7,13,42,13
2026-09-05,2026-09-05T23:05:30Z,apewisdom:wallstreetbets,21,MCD,McDonald,7,13,74,8
2026-09-05,2026-09-05T23:05:30Z,apewisdom:wallstreetbets,22,AGI,Alamos Gold,6,9,37,7
2026-09-05,2026-09-05T23:05:30Z,apewisdom:wallstreetbets,23,FIG,Figma,5,8,44,14
2026-09-05,2026-09-05T23:05:30Z,apewisdom:wallstreetbets,24,MSTR,MicroStrategy,5,16,22,21
2026-09-05,2026-09-05T23:05:30Z,apewisdom:wallstreetbets,25,PLTR,Palantir,5,13,13,26
2026-09-05,2026-09-05T23:05:30Z,apewisdom:wallstreetbets,26,CC,Chemours,5,9,43,10
2026-09-05,2026-09-05T23:05:30Z,apewisdom:wallstreetbets,27,IT,Gartner,5,15,27,20
2026-09-05,2026-09-05T23:05:30Z,apewisdom:wallstreetbets,28,GOOG,Alphabet (Google),5,10,21,27
2026-09-05,2026-09-05T23:05:30Z,apewisdom:wallstreetbets,29,BMNR,Bitmine Immersion Technologies,4,5,640,2
2026-09-05,2026-09-05T23:05:30Z,apewisdom:wallstreetbets,30,SOXL,Direxion Shares ETF Trust - Direxion Daily Semiconductor Bull 3X Share,4,6,45,10
2026-09-05,2026-09-05T23:05:30Z,apewisdom:wallstreetbets,31,PDD,Pinduoduo,4,4,268,1
2026-09-05,2026-09-05T23:05:30Z,apewisdom:wallstreetbets,32,ASST,Asset Entities,3,25,584,1
2026-09-05,2026-09-05T23:05:30Z,apewisdom:wallstreetbets,33,HOOD,Robinhood,3,5,14,20
2026-09-05,2026-09-05T23:05:30Z,apewisdom:wallstreetbets,34,AMC,AMC Entertainment,3,4,10,43
2026-09-05,2026-09-05T23:05:30Z,apewisdom:wallstreetbets,35,SPMO,Invesco Capital Management LLC - Invesco S&P 500 Momentum ETF,3,11,438,
2026-09-05,2026-09-05T23:05:30Z,apewisdom:wallstreetbets,36,DELL,Dell,3,16,23,22
2026-09-05,2026-09-05T23:05:30Z,apewisdom:wallstreetbets,37,AMKR,Amkor Technology,3,5,283,
2026-09-05,2026-09-05T23:05:30Z,apewisdom:wallstreetbets,38,IQ,iQIYI,3,11,103,3
2026-09-05,2026-09-05T23:05:30Z,apewisdom:wallstreetbets,39,LUNA,Luna Innovations,3,45,281,1
2026-09-05,2026-09-05T23:05:30Z,apewisdom:wallstreetbets,40,MRVL,Marvell Technology Group,3,17,55,9
2026-09-05,2026-09-05T23:05:30Z,apewisdom:wallstreetbets,41,SMCI,Supermicro,3,168,34,14
2026-09-05,2026-09-05T23:05:30Z,apewisdom:wallstreetbets,42,NKE,Nike,3,12,41,14
2026-09-05,2026-09-05T23:05:30Z,apewisdom:wallstreetbets,43,AVGO,Broadcom,3,13,16,24
2026-09-05,2026-09-05T23:05:30Z,apewisdom:wallstreetbets,44,AMD,AMD,3,5,28,21
2026-09-05,2026-09-05T23:05:30Z,apewisdom:wallstreetbets,45,MSFT,Microsoft,3,3,20,20
2026-09-05,2026-09-05T23:05:30Z,apewisdom:wallstreetbets,46,USAR,USA Rare Earth,2,3,140,3
2026-09-05,2026-09-05T23:05:30Z,apewisdom:wallstreetbets,47,UAMY,United States Antimony Corporation,2,7,624,1
2026-09-05,2026-09-05T23:05:30Z,apewisdom:wallstreetbets,48,DJT,Trump Media &amp; Technology Group,2,11,93,4
2026-09-05,2026-09-05T23:05:30Z,apewisdom:wallstreetbets,49,WULF,TeraWulf,2,9,135,2
2026-09-05,2026-09-05T23:05:30Z,apewisdom:wallstreetbets,50,UP,Wheels Up,2,30,46,11
2026-09-05,2026-09-05T23:05:30Z,apewisdom:stocks,1,TSLA,Tesla,11,911,41,
2026-09-05,2026-09-05T23:05:30Z,apewisdom:stocks,2,FICO,FICO,8,39,1,23
2026-09-05,2026-09-05T23:05:30Z,apewisdom:stocks,3,MSFT,Microsoft,7,3,33,1
2026-09-05,2026-09-05T23:05:30Z,apewisdom:stocks,4,NB,NioCorp Developments,3,77,0,
2026-09-05,2026-09-05T23:05:30Z,apewisdom:stocks,5,AVGO,Broadcom,3,4,10,1
2026-09-05,2026-09-05T23:05:30Z,apewisdom:stocks,6,NVDA,NVIDIA,3,6,3,10
2026-09-05,2026-09-05T23:05:30Z,apewisdom:stocks,7,QQQ,Invesco QQQ ETF,2,1,252,1
2026-09-05,2026-09-05T23:05:30Z,apewisdom:stocks,8,VT,"Vanguard Group, Inc. - Vanguard Total World Stock ETF",2,2,236,
2026-09-05,2026-09-05T23:05:30Z,apewisdom:stocks,9,MRVL,Marvell Technology Group,2,3,147,
2026-09-05,2026-09-05T23:05:30Z,apewisdom:stocks,10,MU,Micron Technology,2,4,11,4
2026-09-05,2026-09-05T23:05:30Z,apewisdom:stocks,11,USAR,USA Rare Earth,1,3,414,1
2026-09-05,2026-09-05T23:05:30Z,apewisdom:stocks,12,EROC,"ERock, Inc.",1,3,413,1
2026-09-05,2026-09-05T23:05:30Z,apewisdom:stocks,13,KEEL,Keel Infrastructure,1,5,412,
2026-09-05,2026-09-05T23:05:30Z,apewisdom:stocks,14,INIO,INNIO N.V.,1,3,411,1
2026-09-05,2026-09-05T23:05:30Z,apewisdom:stocks,15,QNT,Quantinuum Inc.,1,1,410,1
2026-09-05,2026-09-05T23:05:30Z,apewisdom:stocks,16,FRVO,Fervo Energy Company,1,1,409,1
2026-09-05,2026-09-05T23:05:30Z,apewisdom:stocks,17,CBRS,Cerebras Systems,1,5,408,1
2026-09-05,2026-09-05T23:05:30Z,apewisdom:stocks,18,XE,"X-Energy, Inc.",1,23,407,
2026-09-05,2026-09-05T23:05:30Z,apewisdom:stocks,19,AVEX,AEVEX Corp.,1,1,406,1
2026-09-05,2026-09-05T23:05:30Z,apewisdom:stocks,20,FPS,Forgent Power Solutions,1,3,403,1
2026-09-05,2026-09-05T23:05:30Z,apewisdom:stocks,21,MANE,Veradermics,1,1,402,1
2026-09-05,2026-09-05T23:05:30Z,apewisdom:stocks,22,SMA,SmartStop Self Storage REIT,1,2,400,
2026-09-05,2026-09-05T23:05:30Z,apewisdom:stocks,23,SNDK,Sandisk,1,0,32,1
2026-09-05,2026-09-05T23:05:30Z,apewisdom:stocks,24,BMNR,Bitmine Immersion Technologies,1,1,399,
2026-09-05,2026-09-05T23:05:30Z,apewisdom:stocks,25,KLAR,Klarna,1,2,398,1
2026-09-05,2026-09-05T23:05:30Z,apewisdom:stocks,26,WYFI,WhiteFiber,1,1,397,
2026-09-05,2026-09-05T23:05:30Z,apewisdom:stocks,27,MIAX,Miami International Holdings,1,2,396,1
2026-09-05,2026-09-05T23:05:30Z,apewisdom:stocks,28,CV,CapsoVision,1,3,394,1
2026-09-05,2026-09-05T23:05:30Z,apewisdom:stocks,29,TE,T1 Energy,1,3,393,1
2026-09-05,2026-09-05T23:05:30Z,apewisdom:stocks,30,ASIC,Ategrity Specialty Insurance Company,1,1,392,1
2026-09-05,2026-09-05T23:05:30Z,apewisdom:stocks,31,CRCL,Circle Internet Group,1,1,391,1
2026-09-05,2026-09-05T23:05:30Z,apewisdom:stocks,32,ANTA,Antalpha Platform,1,3,390,1
2026-09-05,2026-09-05T23:05:30Z,apewisdom:stocks,33,FMCC,Freddie Mac,1,2,0,
2026-09-05,2026-09-05T23:05:30Z,apewisdom:stocks,34,CRWV,CoreWeave,1,2,389,1
2026-09-05,2026-09-05T23:05:30Z,apewisdom:stocks,35,HAFN,Hafnia Limited,1,4,388,1
2026-09-05,2026-09-05T23:05:30Z,apewisdom:stocks,36,NBIS,Nebius Group,1,1,387,
2026-09-05,2026-09-05T23:05:30Z,apewisdom:stocks,37,GAP,Gap Inc.,1,7,386,1
2026-09-05,2026-09-05T23:05:30Z,apewisdom:stocks,38,OSTX,OS Therapies,1,0,385,1
2026-09-05,2026-09-05T23:05:30Z,apewisdom:stocks,39,FNMA,Fannie Mae,1,1,388,1
2026-09-05,2026-09-05T23:05:30Z,apewisdom:stocks,40,TLN,Talen Energy,1,1,384,1
2026-09-05,2026-09-05T23:05:30Z,apewisdom:stocks,41,GEV,GE Vernova,1,3,31,1
2026-09-05,2026-09-05T23:05:30Z,apewisdom:stocks,42,DTI,Drilling Tools International,1,3,0,
2026-09-05,2026-09-05T23:05:30Z,apewisdom:stocks,43,GSL,Global Ship Lease,1,4,383,1
2026-09-05,2026-09-05T23:05:30Z,apewisdom:stocks,44,WAY,Waystar,1,65,382,1
2026-09-05,2026-09-05T23:05:30Z,apewisdom:stocks,45,SOC,Sable Offshore,1,2,381,1
2026-09-05,2026-09-05T23:05:30Z,apewisdom:stocks,46,AAOI,Applied Optoelectronics,1,1,379,
2026-09-05,2026-09-05T23:05:30Z,apewisdom:stocks,47,OKLO,Oklo,1,1,378,1
2026-09-05,2026-09-05T23:05:30Z,apewisdom:stocks,48,DJT,Trump Media &amp; Technology Group,1,1,377,
2026-09-05,2026-09-05T23:05:30Z,apewisdom:stocks,49,ALAB,Astera Labs,1,1,376,1
2026-09-05,2026-09-05T23:05:30Z,apewisdom:stocks,50,LOT,Lotus Technology,1,3,375,1
2026-09-05,2026-09-05T23:05:31Z,apewisdom:investing,1,MSCI,MSCI,3,5,0,
2026-09-05,2026-09-05T23:05:31Z,apewisdom:investing,2,NVDA,NVIDIA,3,4,3,6
2026-09-05,2026-09-05T23:05:31Z,apewisdom:investing,3,VT,"Vanguard Group, Inc. - Vanguard Total World Stock ETF",2,8,116,1
2026-09-05,2026-09-05T23:05:31Z,apewisdom:investing,4,VOO,Vanguard S&amp;P 500 ETF,2,4,5,4
2026-09-05,2026-09-05T23:05:31Z,apewisdom:investing,5,AMD,AMD,2,2,1,9
2026-09-05,2026-09-05T23:05:31Z,apewisdom:investing,6,INFQ,Infleqtion,1,2,195,
2026-09-05,2026-09-05T23:05:31Z,apewisdom:investing,7,CBRS,Cerebras Systems,1,1,194,1
2026-09-05,2026-09-05T23:05:31Z,apewisdom:investing,8,XE,"X-Energy, Inc.",1,0,193,1
2026-09-05,2026-09-05T23:05:31Z,apewisdom:investing,9,SMA,SmartStop Self Storage REIT,1,2,192,
2026-09-05,2026-09-05T23:05:31Z,apewisdom:investing,10,SNDK,Sandisk,1,1,191,
2026-09-05,2026-09-05T23:05:31Z,apewisdom:investing,11,BMNR,Bitmine Immersion Technologies,1,1,190,1
2026-09-05,2026-09-05T23:05:31Z,apewisdom:investing,12,BULL,Webull,1,1,189,
2026-09-05,2026-09-05T23:05:31Z,apewisdom:investing,13,CRWV,CoreWeave,1,7,188,
2026-09-05,2026-09-05T23:05:31Z,apewisdom:investing,14,NBIS,Nebius Group,1,1,187,1
2026-09-05,2026-09-05T23:05:31Z,apewisdom:investing,15,WS,Worthington Steel,1,-1,186,
2026-09-05,2026-09-05T23:05:31Z,apewisdom:investing,16,SELF,Global Self Storage,1,0,185,1
2026-09-05,2026-09-05T23:05:31Z,apewisdom:investing,17,TEM,Tempus AI,1,1,184,1
2026-09-05,2026-09-05T23:05:31Z,apewisdom:investing,18,WAY,Waystar,1,1,0,
2026-09-05,2026-09-05T23:05:31Z,apewisdom:investing,19,EQ,Equillium,1,1,183,1
2026-09-05,2026-09-05T23:05:31Z,apewisdom:investing,20,OKLO,Oklo,1,1,182,
2026-09-05,2026-09-05T23:05:31Z,apewisdom:investing,21,MMA,Alta Global Group,1,4,0,
2026-09-05,2026-09-05T23:05:31Z,apewisdom:investing,22,DJT,Trump Media &amp; Technology Group,1,0,181,
2026-09-05,2026-09-05T23:05:31Z,apewisdom:investing,23,LOT,Lotus Technology,1,1,180,
2026-09-05,2026-09-05T23:05:31Z,apewisdom:investing,24,RDDT,Reddit,1,1,179,
2026-09-05,2026-09-05T23:05:31Z,apewisdom:investing,25,RR,Richtech Robotics,1,6,178,
2026-09-05,2026-09-05T23:05:31Z,apewisdom:investing,26,LKNCY,Luckin Coffee,1,1,177,1
2026-09-05,2026-09-05T23:05:31Z,apewisdom:investing,27,ARM,Arm Holdings,1,2,176,
2026-09-05,2026-09-05T23:05:31Z,apewisdom:investing,28,LINK,Interlink Electronics,1,-5,175,
2026-09-05,2026-09-05T23:05:31Z,apewisdom:investing,29,NB,NioCorp Developments,1,-3,174,
2026-09-05,2026-09-05T23:05:31Z,apewisdom:investing,30,ONDS,Ondas Holdings,1,1,173,
2026-09-05,2026-09-05T23:05:31Z,apewisdom:investing,31,TOON,Kartoon Studios,1,2,172,1
2026-09-05,2026-09-05T23:05:31Z,apewisdom:investing,32,BABY,PishPosh,1,2,171,
2026-09-05,2026-09-05T23:05:31Z,apewisdom:investing,33,EU,enCore Energy,1,44,2,9
2026-09-05,2026-09-05T23:05:31Z,apewisdom:investing,34,WT,WisdomTree,1,1,0,
2026-09-05,2026-09-05T23:05:31Z,apewisdom:investing,35,PSNL,Personalis,1,1,170,1
2026-09-05,2026-09-05T23:05:31Z,apewisdom:investing,36,DC,Dakota Gold,1,1,169,1
2026-09-05,2026-09-05T23:05:31Z,apewisdom:investing,37,API,Agora.io,1,1,166,
2026-09-05,2026-09-05T23:05:31Z,apewisdom:investing,38,GOOGL,Alphabet (Google),1,2,165,1
2026-09-05,2026-09-05T23:05:31Z,apewisdom:investing,39,SMR,NuScale Power,1,2,0,
2026-09-05,2026-09-05T23:05:31Z,apewisdom:investing,40,META,Meta Platforms (Facebook),1,0,16,2
2026-09-05,2026-09-05T23:05:31Z,apewisdom:investing,41,APLD,Applied Blockchain,1,8,163,1
2026-09-05,2026-09-05T23:05:31Z,apewisdom:investing,42,MAX,MediaAlpha,1,1,165,1
2026-09-05,2026-09-05T23:05:31Z,apewisdom:investing,43,ARR,ARMOUR Residential REIT,1,2,162,
2026-09-05,2026-09-05T23:05:31Z,apewisdom:investing,44,TIL,Instil Bio,1,7,160,
2026-09-05,2026-09-05T23:05:31Z,apewisdom:investing,45,CD,Chindata,1,68,159,1
2026-09-05,2026-09-05T23:05:31Z,apewisdom:investing,46,IREN,Iris Energy,1,0,158,
2026-09-05,2026-09-05T23:05:31Z,apewisdom:investing,47,OG,Onion Global,1,1,157,
2026-09-05,2026-09-05T23:05:31Z,apewisdom:investing,48,IONQ,IonQ,1,3,156,
2026-09-05,2026-09-05T23:05:31Z,apewisdom:investing,49,RKLB,Rocket Lab USA,1,1,155,1
2026-09-05,2026-09-05T23:05:31Z,apewisdom:investing,50,ANY,Sphere 3D,1,4,154,1
2026-09-05,2026-09-05T23:05:32Z,apewisdom:Daytrading,1,ES,Eversource Energy,13,20,3,9
2026-09-05,2026-09-05T23:05:32Z,apewisdom:Daytrading,2,DTE,DTE Energy,5,6,2,7
2026-09-05,2026-09-05T23:05:32Z,apewisdom:Daytrading,3,RR,Richtech Robotics,4,17,6,4
2026-09-05,2026-09-05T23:05:32Z,apewisdom:Daytrading,4,SPCX,SpaceX,2,4,102,
2026-09-05,2026-09-05T23:05:32Z,apewisdom:Daytrading,5,ALOT,"AstroNova, Inc.",1,3,184,1
2026-09-05,2026-09-05T23:05:32Z,apewisdom:Daytrading,6,SMA,SmartStop Self Storage REIT,1,1,182,
2026-09-05,2026-09-05T23:05:32Z,apewisdom:Daytrading,7,SNDK,Sandisk,1,-1,181,
2026-09-05,2026-09-05T23:05:32Z,apewisdom:Daytrading,8,FIG,Figma,1,1,180,
2026-09-05,2026-09-05T23:05:32Z,apewisdom:Daytrading,9,CV,CapsoVision,1,1,179,
2026-09-05,2026-09-05T23:05:32Z,apewisdom:Daytrading,10,SMC,Summit Midstream,1,0,178,1
2026-09-05,2026-09-05T23:05:32Z,apewisdom:Daytrading,11,CRWV,CoreWeave,1,2,177,
2026-09-05,2026-09-05T23:05:32Z,apewisdom:Daytrading,12,NBIS,Nebius Group,1,-1,176,
2026-09-05,2026-09-05T23:05:32Z,apewisdom:Daytrading,13,OS,OneStream,1,1,175,1
2026-09-05,2026-09-05T23:05:32Z,apewisdom:Daytrading,14,WAY,Waystar,1,5,174,1
2026-09-05,2026-09-05T23:05:32Z,apewisdom:Daytrading,15,LOT,Lotus Technology,1,9,173,3
2026-09-05,2026-09-05T23:05:32Z,apewisdom:Daytrading,16,RDDT,Reddit,1,1,172,
2026-09-05,2026-09-05T23:05:32Z,apewisdom:Daytrading,17,DAY,Dayforce,1,1,171,
2026-09-05,2026-09-05T23:05:32Z,apewisdom:Daytrading,18,AS,Amer Sports,1,1,170,1
2026-09-05,2026-09-05T23:05:32Z,apewisdom:Daytrading,19,MSS,Maison Solutions,1,1,0,
2026-09-05,2026-09-05T23:05:32Z,apewisdom:Daytrading,20,JOB,GEE Group,1,377,173,1
2026-09-05,2026-09-05T23:05:32Z,apewisdom:Daytrading,21,LINK,Interlink Electronics,1,5,169,
2026-09-05,2026-09-05T23:05:32Z,apewisdom:Daytrading,22,ONDS,Ondas Holdings,1,1,168,
2026-09-05,2026-09-05T23:05:32Z,apewisdom:Daytrading,23,MOVE,Movano,1,2,167,
2026-09-05,2026-09-05T23:05:32Z,apewisdom:Daytrading,24,ASST,Asset Entities,1,0,165,
2026-09-05,2026-09-05T23:05:32Z,apewisdom:Daytrading,25,EU,enCore Energy,1,1,164,1
2026-09-05,2026-09-05T23:05:32Z,apewisdom:Daytrading,26,DC,Dakota Gold,1,1,163,
2026-09-05,2026-09-05T23:05:32Z,apewisdom:Daytrading,27,PR,Permian Resources,1,1,162,
2026-09-05,2026-09-05T23:05:32Z,apewisdom:Daytrading,28,API,Agora.io,1,1,8,2
2026-09-05,2026-09-05T23:05:32Z,apewisdom:Daytrading,29,GOOGL,Alphabet (Google),1,2,160,
2026-09-05,2026-09-05T23:05:32Z,apewisdom:Daytrading,30,META,Meta Platforms (Facebook),1,3,158,1
2026-09-05,2026-09-05T23:05:32Z,apewisdom:Daytrading,31,NN,NextNav,1,1,157,
2026-09-05,2026-09-05T23:05:32Z,apewisdom:Daytrading,32,APLD,Applied Blockchain,1,2,156,
2026-09-05,2026-09-05T23:05:32Z,apewisdom:Daytrading,33,PL,Planet Labs,1,1,155,
2026-09-05,2026-09-05T23:05:32Z,apewisdom:Daytrading,34,HIMS,Hims &amp; Hers Health,1,424,153,
2026-09-05,2026-09-05T23:05:32Z,apewisdom:Daytrading,35,IREN,Iris Energy,1,3,152,
2026-09-05,2026-09-05T23:05:32Z,apewisdom:Daytrading,36,SG,Sweetgreen,1,5,0,
2026-09-05,2026-09-05T23:05:32Z,apewisdom:Daytrading,37,HTZ,Hertz,1,6,151,
2026-09-05,2026-09-05T23:05:32Z,apewisdom:Daytrading,38,OG,Onion Global,1,1,150,
2026-09-05,2026-09-05T23:05:32Z,apewisdom:Daytrading,39,RKLB,Rocket Lab USA,1,1,149,
2026-09-05,2026-09-05T23:05:32Z,apewisdom:Daytrading,40,APP,AppLovin,1,1,148,
2026-09-05,2026-09-05T23:05:32Z,apewisdom:Daytrading,41,LU,Lufax,1,1,147,
2026-09-05,2026-09-05T23:05:32Z,apewisdom:Daytrading,42,ANY,Sphere 3D,1,2,146,1
2026-09-05,2026-09-05T23:05:32Z,apewisdom:Daytrading,43,UP,Wheels Up,1,12,144,
2026-09-05,2026-09-05T23:05:32Z,apewisdom:Daytrading,44,OUT,Outfront Media,1,1,143,1
2026-09-05,2026-09-05T23:05:32Z,apewisdom:Daytrading,45,FOR,Forestar Group,1,1,142,1
2026-09-05,2026-09-05T23:05:32Z,apewisdom:Daytrading,46,CAN,Canaan,1,1,141,1
2026-09-05,2026-09-05T23:05:32Z,apewisdom:Daytrading,47,ASTS,AST SpaceMobile,1,1,140,
2026-09-05,2026-09-05T23:05:32Z,apewisdom:Daytrading,48,SOFI,SoFi,1,2,139,
2026-09-05,2026-09-05T23:05:32Z,apewisdom:Daytrading,49,YOU,CLEAR Secure,1,0,138,
2026-09-05,2026-09-05T23:05:32Z,apewisdom:Daytrading,50,HOOD,Robinhood,1,2,136,
2026-09-05,2026-09-05T23:05:33Z,apewisdom:Shortsqueeze,1,HTZ,Hertz,3,2,1,3
2026-09-05,2026-09-05T23:05:33Z,apewisdom:Shortsqueeze,2,GPRO,GoPro,2,3,29,1
2026-09-05,2026-09-05T23:05:33Z,apewisdom:Shortsqueeze,3,SMA,SmartStop Self Storage REIT,1,15,88,
2026-09-05,2026-09-05T23:05:33Z,apewisdom:Shortsqueeze,4,SNDK,Sandisk,1,84,87,
2026-09-05,2026-09-05T23:05:33Z,apewisdom:Shortsqueeze,5,BULL,Webull,1,0,86,
2026-09-05,2026-09-05T23:05:33Z,apewisdom:Shortsqueeze,6,CRWV,CoreWeave,1,84,85,
2026-09-05,2026-09-05T23:05:33Z,apewisdom:Shortsqueeze,7,NBIS,Nebius Group,1,0,84,
2026-09-05,2026-09-05T23:05:33Z,apewisdom:Shortsqueeze,8,LOT,Lotus Technology,1,1,83,
2026-09-05,2026-09-05T23:05:33Z,apewisdom:Shortsqueeze,9,RDDT,Reddit,1,13,82,
2026-09-05,2026-09-05T23:05:33Z,apewisdom:Shortsqueeze,10,UMAC,Unusual Machines,1,1,81,1
2026-09-05,2026-09-05T23:05:33Z,apewisdom:Shortsqueeze,11,RR,Richtech Robotics,1,0,80,
2026-09-05,2026-09-05T23:05:33Z,apewisdom:Shortsqueeze,12,LINK,Interlink Electronics,1,1,79,
2026-09-05,2026-09-05T23:05:33Z,apewisdom:Shortsqueeze,13,ONDS,Ondas Holdings,1,1,78,
2026-09-05,2026-09-05T23:05:33Z,apewisdom:Shortsqueeze,14,ASST,Asset Entities,1,3,77,
2026-09-05,2026-09-05T23:05:33Z,apewisdom:Shortsqueeze,15,EU,enCore Energy,1,2,76,
2026-09-05,2026-09-05T23:05:33Z,apewisdom:Shortsqueeze,16,WT,WisdomTree,1,9,0,
2026-09-05,2026-09-05T23:05:33Z,apewisdom:Shortsqueeze,17,GRRR,Gorilla Technology,1,8,75,
2026-09-05,2026-09-05T23:05:33Z,apewisdom:Shortsqueeze,18,PR,Permian Resources,1,1,74,
2026-09-05,2026-09-05T23:05:33Z,apewisdom:Shortsqueeze,19,API,Agora.io,1,50,73,
2026-09-05,2026-09-05T23:05:33Z,apewisdom:Shortsqueeze,20,GOOGL,Alphabet (Google),1,15,72,
2026-09-05,2026-09-05T23:05:33Z,apewisdom:Shortsqueeze,21,META,Meta Platforms (Facebook),1,2,70,
2026-09-05,2026-09-05T23:05:33Z,apewisdom:Shortsqueeze,22,ARR,ARMOUR Residential REIT,1,0,69,
2026-09-05,2026-09-05T23:05:33Z,apewisdom:Shortsqueeze,23,FA,First Advantage,1,4,69,1
2026-09-05,2026-09-05T23:05:33Z,apewisdom:Shortsqueeze,24,IREN,Iris Energy,1,2,68,
2026-09-05,2026-09-05T23:05:33Z,apewisdom:Shortsqueeze,25,DTC,Solo Brands,1,1,67,
2026-09-05,2026-09-05T23:05:33Z,apewisdom:Shortsqueeze,26,OG,Onion Global,1,5,66,
2026-09-05,2026-09-05T23:05:33Z,apewisdom:Shortsqueeze,27,RKLB,Rocket Lab USA,1,1,65,
2026-09-05,2026-09-05T23:05:33Z,apewisdom:Shortsqueeze,28,UP,Wheels Up,1,3,63,
2026-09-05,2026-09-05T23:05:33Z,apewisdom:Shortsqueeze,29,DFNS,IronNet,1,6,62,1
2026-09-05,2026-09-05T23:05:33Z,apewisdom:Shortsqueeze,30,RILY,B. Riley Financial,1,1,61,1
2026-09-05,2026-09-05T23:05:33Z,apewisdom:Shortsqueeze,31,FOR,Forestar Group,1,4,60,1
2026-09-05,2026-09-05T23:05:33Z,apewisdom:Shortsqueeze,32,LCID,Lucid Motors,1,1,59,
2026-09-05,2026-09-05T23:05:33Z,apewisdom:Shortsqueeze,33,ASTS,AST SpaceMobile,1,-4,58,
2026-09-05,2026-09-05T23:05:33Z,apewisdom:Shortsqueeze,34,YOU,CLEAR Secure,1,1,57,
2026-09-05,2026-09-05T23:05:33Z,apewisdom:Shortsqueeze,35,HOOD,Robinhood,1,1,56,
2026-09-05,2026-09-05T23:05:33Z,apewisdom:Shortsqueeze,36,OPEN,Opendoor,1,0,55,
2026-09-05,2026-09-05T23:05:33Z,apewisdom:Shortsqueeze,37,AMC,AMC Entertainment,1,3,56,1
2026-09-05,2026-09-05T23:05:33Z,apewisdom:Shortsqueeze,38,FCF,First Commonwealth Financial Corp,1,8,54,
2026-09-05,2026-09-05T23:05:33Z,apewisdom:Shortsqueeze,39,GME,GameStop,1,3,53,1
2026-09-05,2026-09-05T23:05:33Z,apewisdom:Shortsqueeze,40,FAMI,Farmmi,1,0,52,
2026-09-05,2026-09-05T23:05:33Z,apewisdom:Shortsqueeze,41,MSTR,MicroStrategy,1,-3,50,
2026-09-05,2026-09-05T23:05:33Z,apewisdom:Shortsqueeze,42,SLS,Sellas Life Sciences,1,1,49,1
2026-09-05,2026-09-05T23:05:33Z,apewisdom:Shortsqueeze,43,SPY,SPDR S&amp;P 500 ETF Trust,1,-9,48,
2026-09-05,2026-09-05T23:05:33Z,apewisdom:Shortsqueeze,44,QQQ,Invesco QQQ ETF,1,1,47,
2026-09-05,2026-09-05T23:05:33Z,apewisdom:Shortsqueeze,45,TLT,BlackRock Institutional Trust Company N.A. - BTC iShares 20+ Year Trea,1,1,46,
2026-09-05,2026-09-05T23:05:33Z,apewisdom:Shortsqueeze,46,VTI,Vanguard Total Stock Market ETF,1,8,45,
2026-09-05,2026-09-05T23:05:33Z,apewisdom:Shortsqueeze,47,VT,"Vanguard Group, Inc. - Vanguard Total World Stock ETF",1,2,44,
2026-09-05,2026-09-05T23:05:33Z,apewisdom:Shortsqueeze,48,VOO,Vanguard S&amp;P 500 ETF,1,6,43,
2026-09-05,2026-09-05T23:05:33Z,apewisdom:Shortsqueeze,49,SOXL,Direxion Shares ETF Trust - Direxion Daily Semiconductor Bull 3X Share,1,3,42,
2026-09-05,2026-09-05T23:05:33Z,apewisdom:Shortsqueeze,50,SMH,VanEck Vectors ETF Trust - VanEck Vectors Semiconductor ETF,1,1,41,
2026-09-05,2026-09-05T23:05:34Z,apewisdom:pennystocks,1,GYGY,Game Your Game,1,6,169,1
2026-09-05,2026-09-05T23:05:34Z,apewisdom:pennystocks,2,KEEL,Keel Infrastructure,1,3,167,
2026-09-05,2026-09-05T23:05:34Z,apewisdom:pennystocks,3,CAST,"FreeCast, Inc.",1,7,166,1
2026-09-05,2026-09-05T23:05:34Z,apewisdom:pennystocks,4,SMA,SmartStop Self Storage REIT,1,1,165,
2026-09-05,2026-09-05T23:05:34Z,apewisdom:pennystocks,5,SNDK,Sandisk,1,3,164,
2026-09-05,2026-09-05T23:05:34Z,apewisdom:pennystocks,6,BMNR,Bitmine Immersion Technologies,1,4,163,1
2026-09-05,2026-09-05T23:05:34Z,apewisdom:pennystocks,7,HMR,Heidmar Maritime Holdings,1,3,162,1
2026-09-05,2026-09-05T23:05:34Z,apewisdom:pennystocks,8,GELS,Gelteq Limited,1,2,160,1
2026-09-05,2026-09-05T23:05:34Z,apewisdom:pennystocks,9,NBIS,Nebius Group,1,1,159,
2026-09-05,2026-09-05T23:05:34Z,apewisdom:pennystocks,10,SW,Smurfit Westrock,1,1,158,
2026-09-05,2026-09-05T23:05:34Z,apewisdom:pennystocks,11,OS,OneStream,1,-1,157,
2026-09-05,2026-09-05T23:05:34Z,apewisdom:pennystocks,12,VIVK,Vivakor,1,3,156,1
2026-09-05,2026-09-05T23:05:34Z,apewisdom:pennystocks,13,WAY,Waystar,1,1,155,
2026-09-05,2026-09-05T23:05:34Z,apewisdom:pennystocks,14,ICU,SeaStar Medical,1,1,154,1
2026-09-05,2026-09-05T23:05:34Z,apewisdom:pennystocks,15,LOT,Lotus Technology,1,1,153,
2026-09-05,2026-09-05T23:05:34Z,apewisdom:pennystocks,16,RDDT,Reddit,1,2,152,
2026-09-05,2026-09-05T23:05:34Z,apewisdom:pennystocks,17,RR,Richtech Robotics,1,0,149,
2026-09-05,2026-09-05T23:05:34Z,apewisdom:pennystocks,18,LINK,Interlink Electronics,1,1,148,
2026-09-05,2026-09-05T23:05:34Z,apewisdom:pennystocks,19,ONDS,Ondas Holdings,1,2,147,1
2026-09-05,2026-09-05T23:05:34Z,apewisdom:pennystocks,20,MOVE,Movano,1,1,146,
2026-09-05,2026-09-05T23:05:34Z,apewisdom:pennystocks,21,BAOS,Baosheng Media Group,1,1,4,3
2026-09-05,2026-09-05T23:05:34Z,apewisdom:pennystocks,22,AIXI,Xiao-I,1,0,143,1
2026-09-05,2026-09-05T23:05:34Z,apewisdom:pennystocks,23,GSUN,Golden Sun Education Group,1,2,142,1
2026-09-05,2026-09-05T23:05:34Z,apewisdom:pennystocks,24,EU,enCore Energy,1,1,141,
2026-09-05,2026-09-05T23:05:34Z,apewisdom:pennystocks,25,KITT,Nauticus Robotics,1,1,140,1
2026-09-05,2026-09-05T23:05:34Z,apewisdom:pennystocks,26,SKYX,SKYX Platforms,1,1,0,
2026-09-05,2026-09-05T23:05:34Z,apewisdom:pennystocks,27,DC,Dakota Gold,1,1,139,
2026-09-05,2026-09-05T23:05:34Z,apewisdom:pennystocks,28,IXHL,Incannex Healthcare,1,2,138,1
2026-09-05,2026-09-05T23:05:34Z,apewisdom:pennystocks,29,PR,Permian Resources,1,5,137,1
2026-09-05,2026-09-05T23:05:34Z,apewisdom:pennystocks,30,NYXH,Nyxoah,1,1,136,1
2026-09-05,2026-09-05T23:05:34Z,apewisdom:pennystocks,31,CTM,Castellum,1,1,131,
2026-09-05,2026-09-05T23:05:34Z,apewisdom:pennystocks,32,API,Agora.io,1,5,134,
2026-09-05,2026-09-05T23:05:34Z,apewisdom:pennystocks,33,BIAF,bioAffinity Technologies,1,2,132,1
2026-09-05,2026-09-05T23:05:34Z,apewisdom:pennystocks,34,JZ,Jianzhi Education Technology Group,1,0,131,1
2026-09-05,2026-09-05T23:05:34Z,apewisdom:pennystocks,35,GOOGL,Alphabet (Google),1,3,130,
2026-09-05,2026-09-05T23:05:34Z,apewisdom:pennystocks,36,SOUN,SoundHound AI,1,2,3,3
2026-09-05,2026-09-05T23:05:34Z,apewisdom:pennystocks,37,GLP,Global Partners LP,1,2,129,
2026-09-05,2026-09-05T23:05:34Z,apewisdom:pennystocks,38,META,Meta Platforms (Facebook),1,4,128,
2026-09-05,2026-09-05T23:05:34Z,apewisdom:pennystocks,39,APLD,Applied Blockchain,1,2,127,
2026-09-05,2026-09-05T23:05:34Z,apewisdom:pennystocks,40,GNS,Genius Group,1,1,126,1
2026-09-05,2026-09-05T23:05:34Z,apewisdom:pennystocks,41,AKAN,Akanda,1,-1,1,5
2026-09-05,2026-09-05T23:05:34Z,apewisdom:pennystocks,42,AKA,a.k.a. Brands,1,0,125,1
2026-09-05,2026-09-05T23:05:34Z,apewisdom:pennystocks,43,ARR,ARMOUR Residential REIT,1,1,124,
2026-09-05,2026-09-05T23:05:34Z,apewisdom:pennystocks,44,VTOL,Bristow Group,1,2,123,1
2026-09-05,2026-09-05T23:05:34Z,apewisdom:pennystocks,45,PLBY,PLBY Group (Playboy),1,1,122,1
2026-09-05,2026-09-05T23:05:34Z,apewisdom:pennystocks,46,BFRI,Biofrontera,1,1,123,1
2026-09-05,2026-09-05T23:05:34Z,apewisdom:pennystocks,47,IREN,Iris Energy,1,2,121,
2026-09-05,2026-09-05T23:05:34Z,apewisdom:pennystocks,48,HTZ,Hertz,1,2,120,1
2026-09-05,2026-09-05T23:05:34Z,apewisdom:pennystocks,49,OG,Onion Global,1,1,119,
2026-09-05,2026-09-05T23:05:34Z,apewisdom:pennystocks,50,RKLB,Rocket Lab USA,1,2,117,
